{
  "project_info": {
    "project_number": "148225451131",
    "firebase_url": "https://smartpot-474b2-default-rtdb.firebaseio.com",
    "project_id": "smartpot-474b2",
    "storage_bucket": "smartpot-474b2.appspot.com"
  },
  "client": [
    {
      "client_info": {
        "mobilesdk_app_id": "1:148225451131:android:6eecd94043ca34865faede",
        "android_client_info": {
          "package_name": "com.example.gymapp"
        }
      },
      "oauth_client": [
        {
          "client_id": "148225451131-3aou9r2hnj55dudj2s2gjvojen5vmh4t.apps.googleusercontent.com",
          "client_type": 3
        }
      ],
      "api_key": [
        {
          "current_key": "AIzaSyCPlOeKHb7fQQZO906v8N2MZVlfi8tB05I"
        }
      ],
      "services": {
        "appinvite_service": {
          "other_platform_oauth_client": [
            {
              "client_id": "148225451131-3aou9r2hnj55dudj2s2gjvojen5vmh4t.apps.googleusercontent.com",
              "client_type": 3
            }
          ]
        }
      }
    },
    {
      "client_info": {
        "mobilesdk_app_id": "1:148225451131:android:a067d411257ebba95faede",
        "android_client_info": {
          "package_name": "com.example.smartpot"
        }
      },
      "oauth_client": [
        {
          "client_id": "148225451131-3aou9r2hnj55dudj2s2gjvojen5vmh4t.apps.googleusercontent.com",
          "client_type": 3
        }
      ],
      "api_key": [
        {
          "current_key": "AIzaSyCPlOeKHb7fQQZO906v8N2MZVlfi8tB05I"
        }
      ],
      "services": {
        "appinvite_service": {
          "other_platform_oauth_client": [
            {
              "client_id": "148225451131-3aou9r2hnj55dudj2s2gjvojen5vmh4t.apps.googleusercontent.com",
              "client_type": 3
            }
          ]
        }
      }
    }
  ],
  "configuration_version": "1"
}